Tiempo,Voltaje
1696531674.389136,0.3999741525461593
1696531676.400931,0.39966133018707856
