Voltaje,Potencia
0.3999741525461593,-6.974753717957131
0.39966133018707856,-6.978151692014785
