Tiempo,Voltaje
1696595382.5160725,-0.00018820918997772143
1696595399.583508,-6.308024634540858e-05
