Voltaje,Potencia
-0.00018820918997772143,nan
-6.308024634540858e-05,nan
